{
    "model_id": {
        "default": null,
        "actual": {
            "__meta": {
                "schema_version": 3,
                "schema_name": "ModelKeyV3",
                "schema_type": "Key<Model>"
            },
            "name": "DRF_1_AutoML_20190426_045022",
            "type": "Key<Model>",
            "URL": "/3/Models/DRF_1_AutoML_20190426_045022"
        }
    },
    "training_frame": {
        "default": null,
        "actual": {
            "__meta": {
                "schema_version": 3,
                "schema_name": "FrameKeyV3",
                "schema_type": "Key<Frame>"
            },
            "name": "automl_training_Hyperparameter.csv",
            "type": "Key<Frame>",
            "URL": "/3/Frames/automl_training_Hyperparameter.csv"
        }
    },
    "validation_frame": {
        "default": null,
        "actual": null
    },
    "nfolds": {
        "default": 0,
        "actual": 5
    },
    "keep_cross_validation_models": {
        "default": true,
        "actual": false
    },
    "keep_cross_validation_predictions": {
        "default": false,
        "actual": true
    },
    "keep_cross_validation_fold_assignment": {
        "default": false,
        "actual": false
    },
    "score_each_iteration": {
        "default": false,
        "actual": false
    },
    "score_tree_interval": {
        "default": 0,
        "actual": 0
    },
    "fold_assignment": {
        "default": "AUTO",
        "actual": "Modulo"
    },
    "fold_column": {
        "default": null,
        "actual": null
    },
    "response_column": {
        "default": null,
        "actual": {
            "__meta": {
                "schema_version": 3,
                "schema_name": "ColSpecifierV3",
                "schema_type": "VecSpecifier"
            },
            "column_name": "outcome",
            "is_member_of_frames": null
        }
    },
    "ignored_columns": {
        "default": null,
        "actual": []
    },
    "ignore_const_cols": {
        "default": true,
        "actual": true
    },
    "offset_column": {
        "default": null,
        "actual": null
    },
    "weights_column": {
        "default": null,
        "actual": null
    },
    "balance_classes": {
        "default": false,
        "actual": false
    },
    "class_sampling_factors": {
        "default": null,
        "actual": null
    },
    "max_after_balance_size": {
        "default": 5.0,
        "actual": 5.0
    },
    "max_confusion_matrix_size": {
        "default": 20,
        "actual": 20
    },
    "max_hit_ratio_k": {
        "default": 0,
        "actual": 0
    },
    "ntrees": {
        "default": 50,
        "actual": 35
    },
    "max_depth": {
        "default": 20,
        "actual": 20
    },
    "min_rows": {
        "default": 1.0,
        "actual": 1.0
    },
    "nbins": {
        "default": 20,
        "actual": 20
    },
    "nbins_top_level": {
        "default": 1024,
        "actual": 1024
    },
    "nbins_cats": {
        "default": 1024,
        "actual": 1024
    },
    "r2_stopping": {
        "default": 1.7976931348623157e+308,
        "actual": 1.7976931348623157e+308
    },
    "stopping_rounds": {
        "default": 0,
        "actual": 0
    },
    "stopping_metric": {
        "default": "AUTO",
        "actual": "deviance"
    },
    "stopping_tolerance": {
        "default": 0.001,
        "actual": 0.001
    },
    "max_runtime_secs": {
        "default": 0.0,
        "actual": 0.0
    },
    "seed": {
        "default": -1,
        "actual": -6580760372512435257
    },
    "build_tree_one_node": {
        "default": false,
        "actual": false
    },
    "mtries": {
        "default": -1,
        "actual": -1
    },
    "sample_rate": {
        "default": 0.6320000290870667,
        "actual": 0.6320000290870667
    },
    "sample_rate_per_class": {
        "default": null,
        "actual": null
    },
    "binomial_double_trees": {
        "default": false,
        "actual": false
    },
    "checkpoint": {
        "default": null,
        "actual": null
    },
    "col_sample_rate_change_per_level": {
        "default": 1.0,
        "actual": 1.0
    },
    "col_sample_rate_per_tree": {
        "default": 1.0,
        "actual": 1.0
    },
    "min_split_improvement": {
        "default": 1e-05,
        "actual": 1e-05
    },
    "histogram_type": {
        "default": "AUTO",
        "actual": "AUTO"
    },
    "categorical_encoding": {
        "default": "AUTO",
        "actual": "AUTO"
    },
    "calibrate_model": {
        "default": false,
        "actual": false
    },
    "calibration_frame": {
        "default": null,
        "actual": null
    },
    "distribution": {
        "default": "AUTO",
        "actual": "gaussian"
    },
    "custom_metric_func": {
        "default": null,
        "actual": null
    },
    "export_checkpoints_dir": {
        "default": null,
        "actual": null
    },
    "check_constant_response": {
        "default": true,
        "actual": true
    }
}
